{
  "descripcion": "Escenario clase 1.4: 10 satelites sobre Buenos Aires para DOP (mascaras, subconjuntos, Monte Carlo)",
  "sat_ecef_m": [
    [
      14243837.970829083,
      -19700615.712132223,
      -10690200.385708503
    ],
    [
      20973450.20615559,
      -11352240.597366348,
      -11680788.670275204
    ],
    [
      14242343.323979398,
      -2464113.190585551,
      -22264897.72514591
    ],
    [
      -3597745.2511630873,
      -7032311.945241643,
      -25338836.218045153
    ],
    [
      -2406988.858679281,
      -21876647.4860427,
      -14854345.687551796
    ],
    [
      -2002761.1317474055,
      -25389272.08251117,
      7573172.014894584
    ],
    [
      24752649.92629631,
      -9445429.580298655,
      1961396.630949745
    ],
    [
      21593201.79443441,
      8524533.177019533,
      -12885032.689114569
    ],
    [
      3467892.440666342,
      -18380189.8258751,
      -18841836.509992037
    ],
    [
      -2496896.1726388154,
      -26231773.79804206,
      -3346849.0788181787
    ]
  ],
  "sat_azel_deg": [
    [
      20.0,
      75.0
    ],
    [
      80.0,
      55.0
    ],
    [
      140.0,
      40.0
    ],
    [
      200.0,
      30.0
    ],
    [
      260.0,
      50.0
    ],
    [
      320.0,
      15.0
    ],
    [
      50.0,
      25.0
    ],
    [
      110.0,
      10.0
    ],
    [
      230.0,
      65.0
    ],
    [
      300.0,
      35.0
    ]
  ],
  "pseudodistancias_m": [
    21097458.236503717,
    21831785.10742537,
    22756529.001009617,
    23539789.007219885,
    22105335.323157057,
    24934361.476121176,
    23977374.600276627,
    25448567.228587892,
    21391920.841283716,
    23132287.015930705
  ],
  "pseudodistancias_ruido1m_m": [
    21097458.23773387,
    21831785.40617091,
    22756528.726871762,
    23539788.116628047,
    22105334.86848627,
    24934360.48447462,
    23977374.660420228,
    25448568.56880314,
    21391920.3490772,
    23132286.395455804
  ],
  "verdad": {
    "receptor_ecef_m": [
      2755266.0351109863,
      -4475400.004289065,
      -3601780.7279966027
    ],
    "receptor_geodetico": [
      -34.6037,
      -58.3816,
      25.0
    ],
    "sesgo_reloj_s": 0.0025,
    "c_dt_m": 749481.145
  }
}