{
  "descripcion": "Datos clase 0.2: recta con ruido heterocedastico y exponencial para Gauss-Newton",
  "recta": {
    "x": [
      0.0,
      0.5263157894736842,
      1.0526315789473684,
      1.5789473684210527,
      2.1052631578947367,
      2.631578947368421,
      3.1578947368421053,
      3.6842105263157894,
      4.2105263157894735,
      4.7368421052631575,
      5.263157894736842,
      5.789473684210526,
      6.315789473684211,
      6.842105263157895,
      7.368421052631579,
      7.894736842105263,
      8.421052631578947,
      8.947368421052632,
      9.473684210526315,
      10.0
    ],
    "y": [
      2.152358539877216,
      3.058955315300805,
      5.533120334745334,
      7.207124463458764,
      7.340271879357292,
      9.243647088674102,
      11.537604412109959,
      12.894510282775578,
      14.623178368616276,
      15.784004352002682,
      20.42766760879901,
      21.70179685891842,
      21.14546051373628,
      25.908039410377782,
      25.507791184650873,
      23.106333137666073,
      28.369410246984337,
      25.9654574606709,
      33.05640353550076,
      31.850222267041243
    ],
    "sigma": [
      0.5,
      0.5,
      0.5,
      0.5,
      0.5,
      0.5,
      0.5,
      0.5,
      0.5,
      0.5,
      3.0,
      3.0,
      3.0,
      3.0,
      3.0,
      3.0,
      3.0,
      3.0,
      3.0,
      3.0
    ],
    "verdad": [
      2.0,
      3.0
    ]
  },
  "exponencial": {
    "x": [
      0.0,
      0.2857142857142857,
      0.5714285714285714,
      0.8571428571428571,
      1.1428571428571428,
      1.4285714285714284,
      1.7142857142857142,
      2.0,
      2.2857142857142856,
      2.571428571428571,
      2.8571428571428568,
      3.142857142857143,
      3.4285714285714284,
      3.714285714285714,
      4.0
    ],
    "y": [
      1.9889082581872843,
      2.2600002006053597,
      2.7590354351701287,
      3.0558932690046285,
      3.4960810601418717,
      4.04229537637641,
      4.788097475680609,
      5.496166454486836,
      6.349082231754941,
      7.3280048271453015,
      8.881659297848916,
      9.509662279995384,
      10.934755697055433,
      12.498066013804488,
      15.051202588413137
    ],
    "verdad": [
      2.0,
      0.5
    ]
  }
}