{"sv": "E19", "toe": 129600.0, "curva": [[-12.0, 417.9821537980982], [-11.916666666666666, 420.48418131543], [-11.833333333333334, 423.1931058304398], [-11.75, 426.127100934151], [-11.666666666666666, 429.2997091183369], [-11.583333333333334, 432.7222383050759], [-11.5, 436.40403152081973], [-11.416666666666666, 440.35015702828855], [-11.333333333333334, 444.5612995174146], [-11.25, 449.03625964397787], [-11.166666666666666, 453.7714256486858], [-11.083333333333334, 458.75715615871417], [-11.0, 463.9825978657765], [-10.916666666666666, 469.4357537076205], [-10.833333333333334, 475.09807404678253], [-10.75, 480.95123008711954], [-10.666666666666666, 486.97327087351874], [-10.583333333333334, 493.14246926536015], [-10.5, 499.4323412063052], [-10.416666666666666, 505.8177290251663], [-10.333333333333334, 512.27051639237], [-10.25, 518.762189240869], [-10.166666666666666, 525.2626809953912], [-10.083333333333334, 531.7436771155079], [-10.0, 538.1734940722989], [-9.916666666666666, 544.5218546918413], [-9.833333333333334, 550.7587771410593], [-9.75, 556.8541867021753], [-9.666666666666666, 562.777841612858], [-9.583333333333334, 568.5002678214366], [-9.5, 573.9926195993908], [-9.416666666666666, 579.2259381035253], [-9.333333333333334, 584.1744773362715], [-9.25, 588.8094918675154], [-9.166666666666666, 593.1068097225422], [-9.083333333333334, 597.0416799509388], [-9.0, 600.5910084993674], [-8.916666666666666, 603.7327038496168], [-8.833333333333334, 606.4444923200584], [-8.75, 608.7093151835061], [-8.666666666666666, 610.5076058624576], [-8.583333333333334, 611.8233152856623], [-8.5, 612.6431467130069], [-8.416666666666666, 612.9517007198083], [-8.333333333333334, 612.7388668099643], [-8.25, 611.9949808733305], [-8.166666666666666, 610.7128046202704], [-8.083333333333334, 608.8844301086899], [-8.0, 606.5081030532263], [-7.916666666666667, 603.5789266729792], [-7.833333333333333, 600.0989767175962], [-7.75, 596.0693435698621], [-7.666666666666667, 591.4924706001224], [-7.583333333333333, 586.3750411283762], [-7.5, 580.7228067318231], [-7.416666666666667, 574.5472800539457], [-7.333333333333333, 567.8572086228809], [-7.25, 560.6660735419983], [-7.166666666666667, 552.989359834985], [-7.083333333333333, 544.8414668084168], [-7.0, 536.2410492956119], [-6.916666666666667, 527.2078337087657], [-6.833333333333333, 517.7615388365351], [-6.75, 507.9240821378434], [-6.666666666666667, 497.7192288235193], [-6.583333333333333, 487.17041194359706], [-6.5, 476.30245640987215], [-6.416666666666667, 465.1424030003725], [-6.333333333333333, 453.71593430154604], [-6.25, 442.05109424112004], [-6.166666666666667, 430.17487348099814], [-6.083333333333333, 418.1162641290831], [-6.0, 405.9021312186542], [-5.916666666666667, 393.56236653921775], [-5.833333333333333, 381.1240615141998], [-5.75, 368.6165235888043], [-5.666666666666667, 356.06597370630806], [-5.583333333333333, 343.50130040983186], [-5.5, 330.9480629582539], [-5.416666666666667, 318.4328926911705], [-5.333333333333333, 305.9823093952116], [-5.25, 293.62018156912006], [-5.166666666666667, 281.37000249422573], [-5.083333333333333, 269.2547518777682], [-5.0, 257.2962327188509], [-4.916666666666667, 245.51448199559925], [-4.833333333333333, 233.9299112215492], [-4.75, 222.55927249583996], [-4.666666666666667, 211.42151461763945], [-4.583333333333333, 200.53198034710084], [-4.5, 189.9027538584355], [-4.416666666666667, 179.54900959897694], [-4.333333333333333, 169.48193591803732], [-4.25, 159.71289684159134], [-4.166666666666667, 150.24969252262542], [-4.083333333333333, 141.09888546203604], [-4.0, 132.27013544188], [-3.9166666666666665, 123.76497322200579], [-3.8333333333333335, 115.58967759946756], [-3.75, 107.74522274911793], [-3.6666666666666665, 100.23479188857668], [-3.5833333333333335, 93.05699193077739], [-3.5, 86.21071476136052], [-3.4166666666666665, 79.6949707369435], [-3.3333333333333335, 73.50675920516072], [-3.25, 67.64271505306034], [-3.1666666666666665, 62.096695548723645], [-3.0833333333333335, 56.86329342934081], [-3.0, 51.93687012223953], [-2.9166666666666665, 47.311236241427295], [-2.8333333333333335, 42.975955551962066], [-2.75, 38.9254836798461], [-2.6666666666666665, 35.14949264711913], [-2.5833333333333335, 31.63922777618662], [-2.5, 28.385754213057254], [-2.4166666666666665, 25.37754121839883], [-2.3333333333333335, 22.605996641955436], [-2.25, 20.059746883335727], [-2.1666666666666665, 17.729066174523826], [-2.0833333333333335, 15.602402767314985], [-2.0, 13.669558240475745], [-1.9166666666666667, 11.91937229296899], [-1.8333333333333333, 10.341535149478847], [-1.75, 8.926272043454567], [-1.6666666666666667, 7.661898494100983], [-1.5833333333333333, 6.538610951208508], [-1.5, 5.547386670461051], [-1.4166666666666667, 4.678189618728152], [-1.3333333333333333, 3.921579277182654], [-1.25, 3.269120425948492], [-1.1666666666666667, 2.712799398640144], [-1.0833333333333333, 2.2445768635807863], [-1.0, 1.8555344621301244], [-0.9166666666666666, 1.5409752145152669], [-0.8333333333333334, 1.2914143932335562], [-0.75, 1.1033417615050103], [-0.6666666666666666, 0.9651239553187528], [-0.5833333333333334, 0.870397565330624], [-0.5, 0.8082790150975239], [-0.4166666666666667, 0.7709735834334076], [-0.3333333333333333, 0.7489616313074986], [-0.25, 0.7386966375295496], [-0.16666666666666666, 0.7345970319615209], [-0.08333333333333333, 0.7371191829904488], [0.0, 0.7418297451286534], [0.08333333333333333, 0.7509158016793616], [0.16666666666666666, 0.7603695208166944], [0.25, 0.7724499511938788], [0.3333333333333333, 0.7846856024680992], [0.4166666666666667, 0.7968446091763721], [0.5, 0.8091276935358476], [0.5833333333333334, 0.820445751850689], [0.6666666666666666, 0.8312069432197776], [0.75, 0.8403040554978952], [0.8333333333333334, 0.8484299998465483], [0.9166666666666666, 0.8564420679160553], [1.0, 0.8634379366917617], [1.0833333333333333, 0.8692478113931013], [1.1666666666666667, 0.8765298065455872], [1.25, 0.8820831809466303], [1.3333333333333333, 0.8897364665770752], [1.4166666666666667, 0.8968806490879677], [1.5, 0.904757319988968], [1.5833333333333333, 0.9126263708784266], [1.6666666666666667, 0.9216387167259479], [1.75, 0.9301040771892257], [1.8333333333333333, 0.9388718858112821], [1.9166666666666667, 0.9471490520409589], [2.0, 0.9557283322693189], [2.0833333333333335, 0.9634018198942218], [2.1666666666666665, 0.9718827942653835], [2.25, 0.9801269982271208], [2.3333333333333335, 0.9870258551785004], [2.4166666666666665, 0.9945114236729392], [2.5, 1.0013325670573592], [2.5833333333333335, 1.0075477165503848], [2.6666666666666665, 1.0130353103821068], [2.75, 1.017145696286539], [2.8333333333333335, 1.0205715949645182], [2.9166666666666665, 1.0239497672048872], [3.0, 1.027754058591984], [3.0833333333333335, 1.0355250655804369], [3.1666666666666665, 1.0529768310257879], [3.25, 1.0860759812355287], [3.3333333333333335, 1.1475392791025025], [3.4166666666666665, 1.2476090172762877], [3.5, 1.3994455200332725], [3.5833333333333335, 1.6123177115934644], [3.6666666666666665, 1.8944686518473803], [3.75, 2.2495075559263173], [3.8333333333333335, 2.6825872623294327], [3.9166666666666665, 3.1972555820352544], [4.0, 3.7968980785498534], [4.083333333333333, 4.485761176586827], [4.166666666666667, 5.26858841758011], [4.25, 6.150183296658788], [4.333333333333333, 7.134991628325214], [4.416666666666667, 8.229423974210444], [4.5, 9.436845439051034], [4.583333333333333, 10.76388587619891], [4.666666666666667, 12.215457396058794], [4.75, 13.797039040132816], [4.833333333333333, 15.513839543729617], [4.916666666666667, 17.370662105981193], [5.0, 19.37411140960808], [5.083333333333333, 21.528370827660414], [5.166666666666667, 23.83849852711117], [5.25, 26.311237701773653], [5.333333333333333, 28.95144365531629], [5.416666666666667, 31.76441974454288], [5.5, 34.75559824494257], [5.583333333333333, 37.93085018426706], [5.666666666666667, 41.295030948575125], [5.75, 44.853953880770575], [5.833333333333333, 48.613472117682875], 