{
  "descripcion": "Escenario clase 1.1: trilateracion pura (rangos exactos, sin reloj), receptor en Buenos Aires",
  "balizas_buenas_ecef_m": [
    [
      18980068.097523674,
      -16802235.622491844,
      -7778492.553983196
    ],
    [
      15485279.398593888,
      -404221.0498145353,
      -21577660.725543045
    ],
    [
      -3066210.9203051166,
      -15620018.680998283,
      -21165034.430209737
    ],
    [
      -2512628.6386247133,
      -26210337.162725337,
      4827441.799926905
    ]
  ],
  "balizas_buenas_azel": [
    [
      45.0,
      60.0
    ],
    [
      135.0,
      35.0
    ],
    [
      225.0,
      45.0
    ],
    [
      315.0,
      20.0
    ]
  ],
  "balizas_malas_ecef_m": [
    [
      20413101.78470555,
      -16370342.17946935,
      -4235174.1992745185
    ],
    [
      22700323.155355737,
      -12897067.571256852,
      -5071546.648698598
    ],
    [
      24059414.93101342,
      -8872293.469714105,
      -6888202.440881545
    ],
    [
      20424584.547158547,
      -15491770.950153548,
      -7014221.863448806
    ]
  ],
  "balizas_malas_azel": [
    [
      40.0,
      50.0
    ],
    [
      55.0,
      45.0
    ],
    [
      70.0,
      40.0
    ],
    [
      50.0,
      55.0
    ]
  ],
  "rangos_buenas_m": [
    20800000.0,
    22399999.999999996,
    21600000.0,
    23899999.999999996
  ],
  "rangos_buenas_ruido1m_m": [
    20800000.30471708,
    22399998.96001589,
    21600000.750451196,
    23900000.940564714
  ],
  "rangos_malas_m": [
    21300000.0,
    21699999.999999996,
    21999999.999999996,
    21100000.0
  ],
  "rangos_malas_ruido1m_m": [
    21299998.04896481,
    21699998.69782049,
    22000000.1278404,
    21099999.68375741
  ],
  "verdad": {
    "receptor_ecef_m": [
      2755266.0351109863,
      -4475400.004289065,
      -3601780.7279966027
    ],
    "receptor_geodetico": [
      -34.6037,
      -58.3816,
      25.0
    ]
  }
}