{"epoca": "2026-06-15T12:00", "usados": [["E07", 43.51063209834914], ["E19", 21.126490356174962], ["E21", 18.845162127088084], ["E26", 13.845784146551635], ["E27", 50.54828229307382], ["E29", 61.52572586725026], ["E30", 34.193815806347466], ["E33", 26.872973738741212]], "enu_12": [-0.2118056299756975, 0.8137201101007951, -1.7550094240040486], "serie": [[129600.0, -0.2118056299756975, 0.8137201101007951, -1.7550094240040486, 8.0], [129630.0, 0.38432046729893093, -1.4505111078050017, 0.05438993278952206, 8.0], [129660.0, -0.9485748494215204, -0.7784008222174916, -1.512560327997928, 8.0], [129690.0, 0.08318973419691973, 0.9200386172849977, -3.526051434364691, 8.0], [129720.0, 0.08302530949741689, -0.658819916708002, -1.2504229163842673, 7.0], [129750.0, 1.004841270802069, -0.7638028464724901, -0.8792084351444432, 7.0], [129780.0, 0.05198323630734633, 0.4964306469820064, -0.38331254142385784, 7.0], [129810.0, -0.20717497188694176, 0.6170021216287755, 0.16666673584010402, 7.0], [129840.0, -0.377213219632119, 0.5156841735512369, 0.08766822406063118, 7.0], [129870.0, -0.2135450831208215, 0.9022502066025343, -0.550882794076552, 7.0], [129900.0, -0.023950778905286824, -0.9360583967553537, -1.1073318924110394, 7.0], [129930.0, -0.17092268863615626, -0.1442537450984943, -2.274663658543671, 7.0], [129960.0, -0.6519869213020737, 0.2106965282206114, 1.5054084608046554, 7.0], [129990.0, -0.4560580856841374, -0.5374379915559235, 0.7045405213399782, 7.0], [130020.0, 0.6446286368901692, 0.16937558680164963, -0.796907859455666, 7.0], [130050.0, -0.6157646099245115, -1.3665987395851762, 0.22288216291683247, 7.0], [130080.0, 0.9518396605506432, -0.730440266410862, 0.8161524637546124, 7.0], [130110.0, -0.4733979177939888, -0.6602764338686569, -0.36860937614045625, 7.0], [130140.0, 0.29783993127842323, 0.49273400235218906, 0.11782180849711525, 7.0], [130170.0, -0.6096386150986661, -1.2825420963930039, -1.1308317280212261, 7.0], [130200.0, 0.49843718693822786, -0.3806008967364675, -1.0353428038876267, 7.0], [130230.0, -0.6851120938770906, -0.506782178642276, 1.4955074376463107, 7.0], [130260.0, -0.425009025992281, 0.1898667879152419, -0.7507093836904011, 7.0], [130290.0, -0.7726047651572788, -1.2111117699721503, 0.9315109354894102, 7.0], [130320.0, 0.3412870135662181, -0.3853611392837518, 1.7725663487621204, 7.0], [130350.0, -1.0608345593699116, -0.10298052053586305, 0.4378391050311247, 7.0], [130380.0, -1.374590349458926, -0.8182578008914618, -0.546745459035598, 7.0], [130410.0, -0.9045728598157143, -0.21583162843639855, -1.5473505449119047, 7.0], [130440.0, 0.7151503457865749, -0.28630322716723433, -1.506421241643582, 7.0], [130470.0, -0.4328176461104392, 1.0900293742266542, 0.11665773973989266, 7.0], [130500.0, -0.15948472224072802, -0.21521374501748763, 0.13225667135218547, 7.0], [130530.0, -0.39030414992561735, 0.5601296685908319, 0.5641083747384031, 7.0], [130560.0, -0.9266598665577301, -0.31157535945189846, 0.893629778203799, 7.0], [130590.0, -0.6353825703044483, 0.6222246479982044, 1.9421037401833257, 7.0], [130620.0, 0.05640378269910327, 1.7139650559772357, 0.0054147577893808455, 7.0], [130650.0, -0.564465755463545, -0.2653764433098109, -1.2875540785555293, 7.0], [130680.0, 0.23716713178862084, -0.36648109502803655, 1.308537088129386, 7.0], [130710.0, -0.4516366905092756, -1.3685732833371818, -0.5235596484984595, 7.0], [130740.0, 0.11951590219226432, -0.19788497867349417, 0.7400310641357231, 7.0], [130770.0, 0.19291232677548825, -0.23893687795231536, 3.152769520661489, 7.0], [130800.0, -0.11745198726358624, -0.8172850001161714, -2.048928416160801, 7.0], [130830.0, -1.082073735071926, -0.3965534931304672, -1.6169976853448325, 7.0], [130860.0, -1.296090110584647, -0.6369603687201656, -0.7286023847823729, 7.0], [130890.0, -0.7031930795454907, -0.07573582288306406, 2.458561917509051, 7.0], [130920.0, -0.16336953903009477, -0.39384961242699595, 0.8158807620347782, 7.0], [130950.0, -0.47346997729347756, 0.13055015037922854, 0.43289145405800267, 7.0], [130980.0, -0.6266734537472842, -1.1466260617094017, -1.9795528591339515, 7.0], [131010.0, -0.007635827515354787, -1.070064501005836, -0.30723140864869397, 7.0], [131040.0, -0.3014399393741891, -0.63427838333786, 0.1647964356704598, 7.0], [131070.0, 0.1746789703621924, 0.3936110113749843, 0.36606374000901193, 7.0], [131100.0, 0.8533835160261736, 0.4762729081319269, -0.20991468597420193, 7.0], [131130.0, -0.2587795526545483, -0.48010784105332804, -0.040804751902009176, 7.0], [131160.0, -0.8628773158258738, -0.267227218831154, -0.7704069849890146, 7.0], [131190.0, 0.08702620299264563, -0.8031381102764685, -1.288507605775269, 7.0], [131220.0, -0.181804994334591, 0.015265067152123406, -0.9794583263301956, 7.0], [131250.0, 0.030239492216524787, 0.549445055750774, -1.218225996797587, 7.0], [131280.0, -0.4872525755518318, -0.4470806727227729, 0.7342388601194924, 7.0], [131310.0, -0.061742578428918386, -0.16477660528008478, 0.5178999073345112, 7.0], [131340.0, -0.6834003747090502, -0.6424010170704199, 1.2932611304635924, 7.0], [131370.0, 0.7980648150728927, 0.5106963546842089, -0.8897028019043464, 8.0], [131400.0, -0.7645814124349427, -0.8454928194427661, 0.8841771428884959, 7.0], [131430.0, -0.4027540406637248, -1.4218365044810708, 0.6698435212711982, 7.0], [131460.0, -0.21063888404336215, -0.9248895014432368, 0.8177723166030284, 7.0], [131490.0, -0.6445105270829402, -1.614719693577085, -0.3879434775622723, 7.0], [131520.0, -0.12521951886155608, -1.1833405028523536, -1.2878775083832448, 7.0], [131550.0, -0.3845984530839138, -0.3864762300939912, -1.2340378962022243, 7.0], [131580.0, 0.6415123380262555, -0.2661128610211017, -0.21800204950498495, 7.0], [131610.0, -0.5820934652393058, -0.48528822223579726, -1.5417065836050163, 7.0], [131640.0, 0.6408144464589747, -0.6515452383534815, 1.7990910571637508, 7.0], [131670.0, -0.9052021853646756, 0.0008473076196788071, -1.9425546386190629, 7.0], [131700.0, -0.9400639136078086, -0.6893908180655852, -0.3843162968287357, 7.0], [131730.0, -0.48612695931639205, 0.7252759988186612, -2.769587739348288, 7.0], [131760.0, -0.5507463453124081, -0.2434732100103841, -0.7007175164241882, 7.0], [131790.0, -1.1337701927972759, -0.15136418759680684, -3.9485390339018465, 7.0], [131820.0, -0.24587973840308536, -0.5580391710756264, 0.983368024623613, 7.0], [131850.0, -1.5261750151988063, -1.55291277713812, -2.3752581894204927, 7.0], [131880.0, 0.019194701566243918, -0.21093220375128974, 0.974385712795481, 7.0], [131910.0, -0.9157718718070144, -1.2264830800491788, -1.275196024055241, 7.0], [131940.0, -0.6540166912943491, -0.6868770583467448, -4.345333652005424, 7.0], [131970.0, 0.5372066270196197, -1.072768172207166, -0.42700417595336454, 7.0], [132000.0, 0.5414628054203003, -0.6142882723203401, 1.3975699966136836, 7.0], [132030.0, 0.052965536739816764, -0.3811181133552477, 0.6114830405925717, 7.0], [132060.0, -0.4589393566215745, -0.24740346933476678, 0.09778886791138058, 7.0], [132090.0, 0.5647553884117159, -0.868873809217864, -0.2818469937396538, 7.0], [132120.0, 0.14825701156084334, -0.16938520707978097, 0.7675122067925259, 7.0], [132150.0, -0.6068688242120395, -0.252005668919779, -0.508021096824149, 7.0], [132180.0, -0.31782219238314924, -0.1014106422309631, 1.1032161508484981, 7.0], [132210.0, 0.06285626176768716, 0.34117123278728334, 1.5897706600509027, 7.0], [132240.0, -1.9331260338691294, -0.021316021552947397, -3.4783541576843886, 7.0], [132270.0, -1.0998044147095964, -0.34483664539904485, -0.16507550024964432, 7.0], [132300.0, 0.579964948188039, -1.5070957509817093, 3.5218536940448533, 7.0], [132330.0, -0.6462692135588767, 0.11929362848986248, -0.017726166917629918, 6.0], [132360.0, -0.8571458887940742, -0.4371702864159271, 1.1425904821391466, 7.0], [132390.0, -0.8814722983073962, 0.4970133934932709, -3.562892418220804, 7.0], [132420.0, -1.3750605060362546, 3.272134795052754, -2.4482998343445166, 8.0], [132450.0, 0.13168697823169648, -0.24033804246250526, 0.8304878976917602, 7.0], [132480.0, 