{
  "descripcion": "Escenario clase 1.2: 5 satelites sinteticos, receptor en Buenos Aires con sesgo de reloj +2.5 ms",
  "c_m_s": 299792458.0,
  "sat_ecef_m": [
    [
      16763202.567391703,
      -18925519.395508513,
      -7998570.885270298
    ],
    [
      20545967.257889718,
      -3302680.4235360743,
      -16318921.86847066
    ],
    [
      -5053798.9514369555,
      -5567517.787616474,
      -25527012.375192735
    ],
    [
      -977814.1425864231,
      -24130625.387141693,
      -10911105.425678886
    ],
    [
      5199754.678583052,
      -23758833.52279728,
      10981211.660714637
    ]
  ],
  "sat_azel_deg": [
    [
      30.0,
      65.0
    ],
    [
      110.0,
      40.0
    ],
    [
      200.0,
      25.0
    ],
    [
      280.0,
      50.0
    ],
    [
      340.0,
      15.0
    ]
  ],
  "pseudodistancias_m": [
    21349481.144999996,
    22649481.144999996,
    24049481.144999996,
    22049481.144999992,
    25049481.145
  ],
  "pseudodistancias_ruido1m_m": [
    21349481.449717075,
    22649480.10501589,
    24049481.89545119,
    22049482.08556471,
    25049479.19396481
  ],
  "verdad": {
    "receptor_ecef_m": [
      2755266.0351109863,
      -4475400.004289065,
      -3601780.7279966027
    ],
    "receptor_geodetico": [
      -34.6037,
      -58.3816,
      25.0
    ],
    "dt_receptor_s": 0.0025,
    "c_dt_receptor_m": 749481.145
  }
}