{"sv":"E05","n_efem":123,"toe_usada":129000.0,"a_km":29600.383413581494,"e":0.000336958328262,"inc_deg":55.516735687854506,"parte_a":{"sin_armonicos":{"max_m":442.4232809417274,"en_toe_m":207.6835495034178,"borde_m":426.4808123377671},"sin_idot":{"max_m":72.51677925822291,"en_toe_m":0.0,"borde_m":72.51677925822291},"sin_deltan":{"max_m":545.9919542781785,"en_toe_m":0.0,"borde_m":545.6950872878705},"solo_2cuerpos":{"max_m":238.94736636184228,"en_toe_m":207.6835495034178,"borde_m":187.07636096348915}},"tks_min":[-120.0,-115.0,-110.0,-105.0,-100.0,-95.0,-90.0,-85.0,-80.0,-75.0,-70.0,-65.0,-60.0,-55.0,-50.0,-45.0,-40.0,-35.0,-30.0,-25.0,-20.0,-15.0,-10.0,-5.0,0.0,5.0,10.0,15.0,20.0,25.0,30.0,35.0,40.0,45.0,50.0,55.0,60.0,65.0,70.0,75.0,80.0,85.0,90.0,95.0,100.0,105.0,110.0,115.0,120.0],"series":{"sin_armonicos":[338.28529428006925,358.5473204571368,376.8325114936039,393.03858863496356,407.0750840390269,418.8637599177768,428.3389877573579,435.4480754141058,440.1515341810802,442.4232809417274,442.25077212082056,439.63506750375296,434.59082307818875,427.14621304861475,417.3427820480329,405.23522967516936,390.891131069197,374.3905987268552,355.8258941815331,335.30100259594536,312.9311921768952,288.84259625039033,263.1718888872551,236.06619581651447,207.6835495034178,178.194631322633,147.78781824555773,116.68396040383364,85.18650269227076,53.911434235678925,25.69654056994799,23.831214489911883,51.296162666972414,82.49135925531792,114.0014107485618,145.15180991528095,175.62669754187286,205.20121207719527,233.68522342132442,260.9070490416557,286.70793149696686,310.94011721954746,333.4663241951246,354.1597942001559,372.90459774956923,389.5960410608023,404.1411001975599,416.45884241573907,426.4808123377671],"sin_idot":[61.28579161073619,61.81234147253157,61.98921032328028,61.82377676994555,61.32424811124887,60.499637849608014,59.359741596962984,57.915111457843466,56.17702890010652,54.15747622746837,51.8691066354087,49.32521299212444,46.539695342522926,43.52702721809861,40.30222089522769,36.88079150820905,33.27872024056117,29.512416629589172,25.598679965742615,21.554660034906817,17.397817084159087,13.145881263081987,8.81681149315485,4.428753919294995,0.0,4.4510556929780885,8.905957862956935,13.34623302295558,17.75343201283358,22.10917252702299,26.39518146804509,30.59333713531386,34.68571106034609,38.654609549264386,42.482614707843865,46.15262496238338,49.64789499704297,52.952074940860975,56.04924886548952,58.92397240405927,61.56130946521913,63.946867988302266,66.06683461830542,67.9080082980681,69.457832624761,70.70442704667553,71.63661663467494,72.24396059025604,72.51677925822291],"sin_deltan":[545.9919542781785,523.2368570847581,500.482024833598,477.72749694843947,454.9733110528914,432.21950292459417,409.4661063850338,386.71315308518945,363.96067253473825,341.20869193916377,318.4572361765089,295.7063276917794,272.9559864704539,250.206230033065,227.45707334849618,204.70852886205586,181.9606064974149,159.21331368241147,136.46665529793682,113.72063382193022,90.97524927933982,68.23049933534224,45.48637936916238,22.74288258559535,0.0,22.742279410526052,45.48396861517786,68.22508239767649,90.96563731076748,113.7056514934648,136.44514462043458,159.18413774404348,181.92265312129032,204.66071423988737,227.3983454545194,250.13557212629416,272.87242029560326,295.60891668955315,318.345088495518,341.0809633395993,363.81656907590985,386.5519338098381,409.28708562748824,432.02205270824834,454.7568629871308,477.491544263662,500.2261240058989,522.960629470665,545.6950872878705],"solo_2cuerpos":[238.94736636184228,204.35475577338164,174.44383231420383,150.45263523253817,133.79979125509067,125.53165702809135,125.46904616993496,131.9550819630398,142.64792966871696,155.44327180422823,168.8216079285952,181.78960484894858,193.72362662701545,204.24034818701853,213.11136650070188,220.2105757571506,225.48212916402753,228.92071204162113,230.55913475593422,230.46033689919264,228.71211674242207,225.42360246679158,220.72289000640544,214.75551249953364,207.6835495034178,199.68526665113183,190.95521310699752,181.70469228308338,172.16244317820698,162.57518645725898,153.20735283121527,144.33878149309456,136.2585184008477,129.25238623856285,123.58252506610373,119.45968859852037,117.01398498353603,116.27464763808246,117.16952492549605,119.54764936343537,123.21775849004418,127.9899322149132,133.70964665320767,140.2796600259562,147.67016339780542,155.91969006169938,165.12925225812685,175.45151121997984,187.07636096348915]},"empalme_medio_m":0.734807332483806,"empalme_max_m":1.7230943521457294,"n_empalmes":7,"extrap_h":[0.0,0.16666666666666666,0.3333333333333333,0.5,0.6666666666666666,0.8333333333333334,1.0,1.1666666666666667,1.3333333333333333,1.5,1.6666666666666667,1.8333333333333333,2.0,2.1666666666666665,2.3333333333333335,2.5,2.6666666666666665,2.8333333333333335,3.0,3.1666666666666665,3.3333333333333335,3.5,3.6666666666666665,3.8333333333333335,4.0,4.166666666666667,4.333333333333333,4.5,4.666666666666667,4.833333333333333,5.0,5.166666666666667,5.333333333333333,5.5,5.666666666666667,5.833333333333333,6.0,6.166666666666667,6.333333333333333,6.5,6.666666666666667,6.833333333333333,7.0,7.166666666666667,7.333333333333333,7.5,7.666666666666667,7.833333333333333,8.0,8.166666666666666,8.333333333333334,8.5,8.666666666666666,8.833333333333334,9.0,9.166666666666666,9.333333333333334,9.5,9.666666666666666,9.833333333333334,10.0,10.166666666666666,10.333333333333334,10.5,10.666666666666666,10.833333333333334,11.0,11.166666666666666,11.333333333333334,11.5,11.666666666666666,11.833333333333334,12.0],"extrap_puro_m":[207.6835495034178,190.95521310699752,172.16244317820698,153.20735283121527,136.2585184008477,123.58252506610373,117.01398498353603,117.16952492549605,123.21775849004418,133.70964665320767,147.67016339780542,165.12925225812685,187.07636096348915,215.07951509514973,250.7742187520049,295.4289984896379,349.7324278153066,413.79442892319946,487.2552398769807,569.4076166077945,659.2927629653996,755.7674959510784,857.5520783629801,963.2677778047387,1071.469903456036,1180.6792580832932,1289.4131717092446,1396.216306350544,1499.6909268141026,1598.5260972234307,1691.5251765241865,1777.6309718799062,1855.9479424246692,1925.7609011240656,1986.5497418871773,2037.9998045641344,2080.0075919164783,2112.6816587038406,2136.338610360073,2151.494270583093,2158.8502098065633,2159.2759637424074,2153.787419220871,2143.5219916114556,2129.711366806541,2113.652709246825,2096.679331118706,2080.1318440330747,2065.330746925863,2053.5512079760297,2046.0004835836874,2043.7979996517902,2047.9576940592872,2059.3718913917282,2078.795883730659,2106.8326034817856,2143.91728317768,2190.302685457091,2246.0461302973217,2310.9999489628167,2384.807004950946,2466.9025561803337,2556.523100138224,2652.7221448933487,2754.392234411875,2860.2921435467024,2969.0779523416863,3079.3366824518916,3189.6212605229193,3298.485710223995,3404.5196197606692,3506.381062831517,3602.8272632700455]}